grupo_edad,casos_acumulados,poblacion_total,incidencia_acum
De 10 a 14 años,70598,46044703,153.3249
De 13 a 24 meses,4000,46044703,8.6872
De 15 a 19 años,74726,46044703,162.2901
De 2 a 4 años,14737,46044703,32.0059
De 20 a 24 años,79101,46044703,171.7917
De 25 a 34 años,158390,46044703,343.9918
De 35 a 44 años,129933,46044703,282.1888
De 45 a 64 años,176641,46044703,383.6294
De 5 a 9 años,47175,46044703,102.4548
De 65 años o más,54274,46044703,117.8724
Edad sin esp,933,46044703,2.0263
Neonato (hasta 28 dias),296,46044703,0.6429
Posneonato (de 29 a 365 dias),3545,46044703,7.699
