provincia,casos_acumulados,poblacion_provincial,incidencia_acum
Tucumán,117185,1703186,6880.3407
Chaco,43911,1142963,3841.8566
La Rioja,14351,384607,3731.3413
Formosa,21384,606041,3528.4741
Salta,50347,1440672,3494.6886
Santiago del Estero,34932,1054028,3314.1435
Jujuy,25521,797955,3198.3007
Córdoba,119520,3978984,3003.7819
Catamarca,12282,429556,2859.2314
Santa Fe,97946,3556522,2753.9827
Misiones,26404,1280960,2061.2666
Entre Ríos,20820,1426426,1459.592
Corrientes,16511,1197553,1378.7281
Buenos Aires,171967,20689665,831.1734
San Luis,4039,540905,746.7115
San Juan,2267,818234,277.0601
Mendoza,4852,2014533,240.8499
La Pampa,802,366022,219.1125
Tierra del Fuego,214,190641,112.2529
Santa Cruz,305,333473,91.4617
Neuquén,225,726590,30.9666
Río Negro,115,762067,15.0905
Chubut,79,603120,13.0986
