SE,provincia,casos_acumulados,poblacion_provincial,incidencia_acum
1,Buenos Aires,219,20689665,1.0585
2,Buenos Aires,424,20689665,2.0493
3,Buenos Aires,429,20689665,2.0735
4,Buenos Aires,578,20689665,2.7937
5,Buenos Aires,990,20689665,4.785
6,Buenos Aires,2255,20689665,10.8992
7,Buenos Aires,5173,20689665,25.0028
8,Buenos Aires,9274,20689665,44.8243
9,Buenos Aires,12636,20689665,61.074
10,Buenos Aires,16861,20689665,81.4948
11,Buenos Aires,21079,20689665,101.8818
12,Buenos Aires,23861,20689665,115.3281
13,Buenos Aires,21369,20689665,103.2835
14,Buenos Aires,19223,20689665,92.9111
15,Buenos Aires,13498,20689665,65.2403
16,Buenos Aires,9327,20689665,45.0805
17,Buenos Aires,6042,20689665,29.203
18,Buenos Aires,4056,20689665,19.604
19,Buenos Aires,2118,20689665,10.237
20,Buenos Aires,1188,20689665,5.742
21,Buenos Aires,534,20689665,2.581
22,Buenos Aires,286,20689665,1.3823
23,Buenos Aires,113,20689665,0.5462
24,Buenos Aires,71,20689665,0.3432
25,Buenos Aires,21,20689665,0.1015
26,Buenos Aires,14,20689665,0.0677
27,Buenos Aires,10,20689665,0.0483
28,Buenos Aires,11,20689665,0.0532
29,Buenos Aires,4,20689665,0.0193
30,Buenos Aires,9,20689665,0.0435
31,Buenos Aires,8,20689665,0.0387
32,Buenos Aires,6,20689665,0.029
34,Buenos Aires,3,20689665,0.0145
35,Buenos Aires,2,20689665,0.0097
36,Buenos Aires,2,20689665,0.0097
38,Buenos Aires,4,20689665,0.0193
39,Buenos Aires,6,20689665,0.029
40,Buenos Aires,6,20689665,0.029
41,Buenos Aires,4,20689665,0.0193
42,Buenos Aires,11,20689665,0.0532
43,Buenos Aires,2,20689665,0.0097
44,Buenos Aires,15,20689665,0.0725
45,Buenos Aires,7,20689665,0.0338
46,Buenos Aires,9,20689665,0.0435
47,Buenos Aires,12,20689665,0.058
48,Buenos Aires,24,20689665,0.116
49,Buenos Aires,19,20689665,0.0918
50,Buenos Aires,35,20689665,0.1692
51,Buenos Aires,45,20689665,0.2175
52,Buenos Aires,73,20689665,0.3528
53,Buenos Aires,1,20689665,0.0048
1,Catamarca,2,429556,0.4656
2,Catamarca,6,429556,1.3968
3,Catamarca,34,429556,7.9151
4,Catamarca,125,429556,29.0998
5,Catamarca,322,429556,74.9611
6,Catamarca,659,429556,153.4142
7,Catamarca,1002,429556,233.2641
8,Catamarca,1031,429556,240.0153
9,Catamarca,903,429556,210.2171
10,Catamarca,1135,429556,264.2263
11,Catamarca,996,429556,231.8673
12,Catamarca,1091,429556,253.9832
13,Catamarca,909,429556,211.6139
14,Catamarca,1236,429556,287.739
15,Catamarca,1051,429556,244.6712
16,Catamarca,649,429556,151.0862
17,Catamarca,443,429556,103.1297
18,Catamarca,339,429556,78.9187
19,Catamarca,172,429556,40.0413
20,Catamarca,82,429556,19.0895
21,Catamarca,47,429556,10.9415
22,Catamarca,24,429556,5.5872
23,Catamarca,14,429556,3.2592
24,Catamarca,5,429556,1.164
25,Catamarca,1,429556,0.2328
28,Catamarca,1,429556,0.2328
37,Catamarca,1,429556,0.2328
44,Catamarca,1,429556,0.2328
52,Catamarca,1,429556,0.2328
1,Chaco,1862,1142963,162.9099
2,Chaco,2256,1142963,197.3817
3,Chaco,2270,1142963,198.6066
4,Chaco,2619,1142963,229.1413
5,Chaco,1986,1142963,173.7589
6,Chaco,1835,1142963,160.5476
7,Chaco,1015,1142963,88.8043
8,Chaco,1040,1142963,90.9916
9,Chaco,768,1142963,67.1938
10,Chaco,657,1142963,57.4822
11,Chaco,857,1142963,74.9806
12,Chaco,1034,1142963,90.4666
13,Chaco,916,1142963,80.1426
14,Chaco,1020,1142963,89.2417
15,Chaco,1504,1142963,131.5878
16,Chaco,1731,1142963,151.4485
17,Chaco,1721,1142963,150.5736
18,Chaco,1605,1142963,140.4245
19,Chaco,1808,1142963,158.1853
20,Chaco,1704,1142963,149.0862
21,Chaco,1138,1142963,99.5658
22,Chaco,1494,1142963,130.7129
23,Chaco,1153,1142963,100.8782
24,Chaco,842,1142963,73.6682
25,Chaco,381,1142963,33.3344
26,Chaco,437,1142963,38.234
27,Chaco,518,1142963,45.3208
28,Chaco,515,1142963,45.0583
29,Chaco,208,1142963,18.1983
30,Chaco,130,1142963,11.3739
31,Chaco,145,1142963,12.6863
32,Chaco,217,1142963,18.9857
33,Chaco,187,1142963,16.361
34,Chaco,117,1142963,10.2366
35,Chaco,103,1142963,9.0117
36,Chaco,93,1142963,8.1367
37,Chaco,92,1142963,8.0493
38,Chaco,102,1142963,8.9242
39,Chaco,108,1142963,9.4491
40,Chaco,89,1142963,7.7868
41,Chaco,103,1142963,9.0117
42,Chaco,143,1142963,12.5113
43,Chaco,131,1142963,11.4614
44,Chaco,142,1142963,12.4238
45,Chaco,200,1142963,17.4984
46,Chaco,215,1142963,18.8108
47,Chaco,377,1142963,32.9844
48,Chaco,530,1142963,46.3707
49,Chaco,563,1142963,49.2579
50,Chaco,882,1142963,77.1679
51,Chaco,1062,1142963,92.9164
52,Chaco,1286,1142963,112.5146
2,Chubut,2,603120,0.3316
3,Chubut,2,603120,0.3316
4,Chubut,3,603120,0.4974
5,Chubut,2,603120,0.3316
6,Chubut,3,603120,0.4974
7,Chubut,3,603120,0.4974
8,Chubut,3,603120,0.4974
9,Chubut,3,603120,0.4974
10,Chubut,3,603120,0.4974
11,Chubut,9,603120,1.4922
12,Chubut,5,603120,0.829
13,Chubut,5,603120,0.829
14,Chubut,12,603120,1.9897
15,Chubut,6,603120,0.9948
16,Chubut,6,603120,0.9948
17,Chubut,1,603120,0.1658
19,Chubut,1,603120,0.1658
20,Chubut,2,603120,0.3316
22,Chubut,2,603120,0.3316
24,Chubut,1,603120,0.1658
26,Chubut,1,603120,0.1658
31,Chubut,1,603120,0.1658
47,Chubut,1,603120,0.1658
51,Chubut,2,603120,0.3316
1,Corrientes,692,1197553,57.7845
2,Corrientes,622,1197553,51.9392
3,Corrientes,726,1197553,60.6236
4,Corrientes,621,1197553,51.8557
5,Corrientes,607,1197553,50.6867
6,Corrientes,646,1197553,53.9433
7,Corrientes,566,1197553,47.263
8,Corrientes,529,1197553,44.1734
9,Corrientes,676,1197553,56.4484
10,Corrientes,751,1197553,62.7112
11,Corrientes,749,1197553,62.5442
12,Corrientes,901,1197553,75.2368
13,Corrientes,780,1197553,65.1328
14,Corrientes,854,1197553,71.3121
15,Corrientes,826,1197553,68.974
16,Corrientes,877,1197553,73.2327
17,Corrientes,776,1197553,64.7988
18,Corrientes,562,1197553,46.929
19,Corrientes,625,1197553,52.1898
20,Corrientes,487,1197553,40.6663
21,Corrientes,273,1197553,22.7965
22,Corrientes,212,1197553,17.7028
23,Corrientes,170,1197553,14.1956
24,Corrientes,116,1197553,9.6864
25,Corrientes,59,1197553,4.9267
26,Corrientes,50,1197553,4.1752
27,Corrientes,74,1197553,6.1793
28,Corrientes,62,1197553,5.1772
29,Corrientes,40,1197553,3.3401
30,Corrientes,18,1197553,1.5031
31,Corrientes,14,1197553,1.1691
32,Corrientes,18,1197553,1.5031
33,Corrientes,13,1197553,1.0855
34,Corrientes,6,1197553,0.501
35,Corrientes,10,1197553,0.835
36,Corrientes,4,1197553,0.334
37,Corrientes,11,1197553,0.9185
38,Corrientes,7,1197553,0.5845
39,Corrientes,8,1197553,0.668
40,Corrientes,6,1197553,0.501
41,Corrientes,9,1197553,0.7515
42,Corrientes,7,1197553,0.5845
43,Corrientes,11,1197553,0.9185
44,Corrientes,23,1197553,1.9206
45,Corrientes,29,1197553,2.4216
46,Corrientes,25,1197553,2.0876
47,Corrientes,34,1197553,2.8391
48,Corrientes,101,1197553,8.4339
49,Corrientes,97,1197553,8.0999
50,Corrientes,192,1197553,16.0327
51,Corrientes,308,1197553,25.7191
52,Corrientes,631,1197553,52.6908
1,Córdoba,79,3978984,1.9854
2,Córdoba,100,3978984,2.5132
3,Córdoba,129,3978984,3.242
4,Córdoba,166,3978984,4.1719
5,Córdoba,237,3978984,5.9563
6,Córdoba,774,3978984,19.4522
7,Córdoba,1536,3978984,38.6028
8,Córdoba,2255,3978984,56.6728
9,Córdoba,3675,3978984,92.3603
10,Córdoba,4988,3978984,125.3586
11,Córdoba,10513,3978984,264.2132
12,Córdoba,19824,3978984,498.2176
13,Córdoba,22250,3978984,559.188
14,Córdoba,24561,3978984,617.2681
15,Córdoba,11704,3978984,294.1454
16,Córdoba,5921,3978984,148.8068
17,Córdoba,4803,3978984,120.7092
18,Córdoba,2778,3978984,69.8168
19,Córdoba,1575,3978984,39.583
20,Córdoba,804,3978984,20.2062
21,Córdoba,397,3978984,9.9774
22,Córdoba,166,3978984,4.1719
23,Córdoba,100,3978984,2.5132
24,Córdoba,71,3978984,1.7844
25,Córdoba,6,3978984,0.1508
26,Córdoba,7,3978984,0.1759
27,Córdoba,6,3978984,0.1508
28,Córdoba,3,3978984,0.0754
29,Córdoba,5,3978984,0.1257
30,Córdoba,1,3978984,0.0251
32,Córdoba,1,3978984,0.0251
35,Córdoba,2,3978984,0.0503
36,Córdoba,1,3978984,0.0251
38,Córdoba,1,3978984,0.0251
39,Córdoba,5,3978984,0.1257
40,Córdoba,1,3978984,0.0251
41,Córdoba,3,3978984,0.0754
43,Córdoba,1,3978984,0.0251
44,Córdoba,5,3978984,0.1257
45,Córdoba,6,3978984,0.1508
46,Córdoba,4,3978984,0.1005
47,Córdoba,4,3978984,0.1005
48,Córdoba,7,3978984,0.1759
49,Córdoba,3,3978984,0.0754
50,Córdoba,4,3978984,0.1005
51,Córdoba,19,3978984,0.4775
52,Córdoba,19,3978984,0.4775
1,Entre Ríos,35,1426426,2.4537
2,Entre Ríos,58,1426426,4.0661
3,Entre Ríos,73,1426426,5.1177
4,Entre Ríos,122,1426426,8.5528
5,Entre Ríos,220,1426426,15.4232
6,Entre Ríos,234,1426426,16.4046
7,Entre Ríos,392,1426426,27.4813
8,Entre Ríos,599,1426426,41.9931
9,Entre Ríos,883,1426426,61.903
10,Entre Ríos,1576,1426426,110.4859
11,Entre Ríos,2145,1426426,150.3758
12,Entre Ríos,2542,1426426,178.2076
13,Entre Ríos,2244,1426426,157.3163
14,Entre Ríos,2599,1426426,182.2036
15,Entre Ríos,2223,1426426,155.844
16,Entre Ríos,1661,1426426,116.4449
17,Entre Ríos,1297,1426426,90.9266
18,Entre Ríos,1008,1426426,70.6661
19,Entre Ríos,512,1426426,35.8939
20,Entre Ríos,254,1426426,17.8067
21,Entre Ríos,59,1426426,4.1362
22,Entre Ríos,20,1426426,1.4021
23,Entre Ríos,16,1426426,1.1217
24,Entre Ríos,14,1426426,0.9815
25,Entre Ríos,8,1426426,0.5608
26,Entre Ríos,2,1426426,0.1402
27,Entre Ríos,1,1426426,0.0701
28,Entre Ríos,2,1426426,0.1402
29,Entre Ríos,1,1426426,0.0701
43,Entre Ríos,1,1426426,0.0701
44,Entre Ríos,1,1426426,0.0701
49,Entre Ríos,2,1426426,0.1402
50,Entre Ríos,3,1426426,0.2103
51,Entre Ríos,2,1426426,0.1402
52,Entre Ríos,11,1426426,0.7712
1,Formosa,1360,606041,224.4073
2,Formosa,1302,606041,214.8369
3,Formosa,1287,606041,212.3619
4,Formosa,1103,606041,182.0009
5,Formosa,1025,606041,169.1305
6,Formosa,1034,606041,170.6155
7,Formosa,701,606041,115.6687
8,Formosa,675,606041,111.3786
9,Formosa,677,606041,111.7086
10,Formosa,658,606041,108.5735
11,Formosa,577,606041,95.2081
12,Formosa,420,606041,69.3022
13,Formosa,378,606041,62.372
14,Formosa,439,606041,72.4373
15,Formosa,373,606041,61.547
16,Formosa,434,606041,71.6123
17,Formosa,410,606041,67.6522
18,Formosa,295,606041,48.6766
19,Formosa,391,606041,64.5171
20,Formosa,380,606041,62.702
21,Formosa,209,606041,34.4861
22,Formosa,173,606041,28.5459
23,Formosa,107,606041,17.6556
24,Formosa,107,606041,17.6556
25,Formosa,90,606041,14.8505
26,Formosa,79,606041,13.0354
27,Formosa,46,606041,7.5902
28,Formosa,33,606041,5.4452
29,Formosa,27,606041,4.4551
30,Formosa,36,606041,5.9402
31,Formosa,21,606041,3.4651
32,Formosa,21,606041,3.4651
33,Formosa,22,606041,3.6301
34,Formosa,18,606041,2.9701
35,Formosa,45,606041,7.4252
36,Formosa,95,606041,15.6755
37,Formosa,82,606041,13.5304
38,Formosa,65,606041,10.7253
39,Formosa,23,606041,3.7951
40,Formosa,147,606041,24.2558
41,Formosa,142,606041,23.4308
42,Formosa,138,606041,22.7707
43,Formosa,292,606041,48.1816
44,Formosa,318,606041,52.4717
45,Formosa,281,606041,46.3665
46,Formosa,406,606041,66.9922
47,Formosa,656,606041,108.2435
48,Formosa,627,606041,103.4583
49,Formosa,254,606041,41.9114
50,Formosa,761,606041,125.5691
51,Formosa,1029,606041,169.7905
52,Formosa,1115,606041,183.981
1,Jujuy,5,797955,0.6266
2,Jujuy,3,797955,0.376
3,Jujuy,8,797955,1.0026
4,Jujuy,14,797955,1.7545
5,Jujuy,44,797955,5.5141
6,Jujuy,69,797955,8.6471
7,Jujuy,178,797955,22.307
8,Jujuy,246,797955,30.8288
9,Jujuy,265,797955,33.2099
10,Jujuy,538,797955,67.4223
11,Jujuy,959,797955,120.1822
12,Jujuy,2338,797955,292.999
13,Jujuy,3290,797955,412.304
14,Jujuy,3697,797955,463.3093
15,Jujuy,3754,797955,470.4526
16,Jujuy,2875,797955,360.296
17,Jujuy,2305,797955,288.8634
18,Jujuy,1735,797955,217.4308
19,Jujuy,1467,797955,183.845
20,Jujuy,864,797955,108.2768
21,Jujuy,449,797955,56.2688
22,Jujuy,237,797955,29.7009
23,Jujuy,78,797955,9.775
24,Jujuy,43,797955,5.3888
25,Jujuy,25,797955,3.133
26,Jujuy,14,797955,1.7545
27,Jujuy,9,797955,1.1279
28,Jujuy,5,797955,0.6266
29,Jujuy,2,797955,0.2506
31,Jujuy,2,797955,0.2506
34,Jujuy,1,797955,0.1253
43,Jujuy,1,797955,0.1253
52,Jujuy,1,797955,0.1253
1,La Pampa,5,366022,1.366
2,La Pampa,3,366022,0.8196
3,La Pampa,4,366022,1.0928
4,La Pampa,3,366022,0.8196
5,La Pampa,2,366022,0.5464
6,La Pampa,13,366022,3.5517
7,La Pampa,16,366022,4.3713
8,La Pampa,16,366022,4.3713
9,La Pampa,27,366022,7.3766
10,La Pampa,52,366022,14.2068
11,La Pampa,73,366022,19.9442
12,La Pampa,122,366022,33.3313
13,La Pampa,112,366022,30.5993
14,La Pampa,168,366022,45.8989
15,La Pampa,94,366022,25.6815
16,La Pampa,39,366022,10.6551
17,La Pampa,24,366022,6.557
18,La Pampa,13,366022,3.5517
19,La Pampa,10,366022,2.7321
20,La Pampa,2,366022,0.5464
24,La Pampa,1,366022,0.2732
26,La Pampa,1,366022,0.2732
27,La Pampa,1,366022,0.2732
52,La Pampa,1,366022,0.2732
1,La Rioja,12,384607,3.1201
2,La Rioja,16,384607,4.1601
3,La Rioja,18,384607,4.6801
4,La Rioja,30,384607,7.8002
5,La Rioja,38,384607,9.8802
6,La Rioja,42,384607,10.9202
7,La Rioja,66,384607,17.1604
8,La Rioja,91,384607,23.6605
9,La Rioja,238,384607,61.8813
10,La Rioja,472,384607,122.7227
11,La Rioja,797,384607,207.2245
12,La Rioja,1561,384607,405.8688
13,La Rioja,1856,384607,482.5705
14,La Rioja,2138,384607,555.8921
15,La Rioja,2409,384607,626.3537
16,La Rioja,1278,384607,332.2872
17,La Rioja,1437,384607,373.6281
18,La Rioja,846,384607,219.9648
19,La Rioja,552,384607,143.5231
20,La Rioja,258,384607,67.0815
21,La Rioja,115,384607,29.9007
22,La Rioja,44,384607,11.4402
23,La Rioja,19,384607,4.9401
24,La Rioja,11,384607,2.8601
25,La Rioja,6,384607,1.56
26,La Rioja,1,384607,0.26
1,Mendoza,5,2014533,0.2482
2,Mendoza,4,2014533,0.1986
3,Mendoza,5,2014533,0.2482
4,Mendoza,13,2014533,0.6453
5,Mendoza,4,2014533,0.1986
6,Mendoza,6,2014533,0.2978
7,Mendoza,9,2014533,0.4468
8,Mendoza,14,2014533,0.695
9,Mendoza,38,2014533,1.8863
10,Mendoza,167,2014533,8.2898
11,Mendoza,352,2014533,17.473
12,Mendoza,681,2014533,33.8044
13,Mendoza,830,2014533,41.2006
14,Mendoza,1103,2014533,54.7521
15,Mendoza,867,2014533,43.0373
16,Mendoza,364,2014533,18.0687
17,Mendoza,203,2014533,10.0768
18,Mendoza,112,2014533,5.5596
19,Mendoza,33,2014533,1.6381
20,Mendoza,16,2014533,0.7942
21,Mendoza,3,2014533,0.1489
23,Mendoza,1,2014533,0.0496
25,Mendoza,2,2014533,0.0993
28,Mendoza,2,2014533,0.0993
41,Mendoza,2,2014533,0.0993
42,Mendoza,1,2014533,0.0496
44,Mendoza,4,2014533,0.1986
45,Mendoza,1,2014533,0.0496
46,Mendoza,1,2014533,0.0496
49,Mendoza,2,2014533,0.0993
50,Mendoza,3,2014533,0.1489
51,Mendoza,3,2014533,0.1489
52,Mendoza,1,2014533,0.0496
1,Misiones,758,1280960,59.1744
2,Misiones,1015,1280960,79.2374
3,Misiones,880,1280960,68.6985
4,Misiones,1138,1280960,88.8396
5,Misiones,1226,1280960,95.7095
6,Misiones,1422,1280960,111.0105
7,Misiones,1441,1280960,112.4938
8,Misiones,1971,1280960,153.869
9,Misiones,1921,1280960,149.9657
10,Misiones,1633,1280960,127.4825
11,Misiones,1714,1280960,133.8059
12,Misiones,1582,1280960,123.5011
13,Misiones,1180,1280960,92.1184
14,Misiones,1361,1280960,106.2484
15,Misiones,1349,1280960,105.3116
16,Misiones,1381,1280960,107.8098
17,Misiones,1074,1280960,83.8434
18,Misiones,696,1280960,54.3342
19,Misiones,431,1280960,33.6466
20,Misiones,236,1280960,18.4237
21,Misiones,169,1280960,13.1932
22,Misiones,108,1280960,8.4312
23,Misiones,37,1280960,2.8885
24,Misiones,23,1280960,1.7955
25,Misiones,8,1280960,0.6245
26,Misiones,10,1280960,0.7807
27,Misiones,6,1280960,0.4684
28,Misiones,8,1280960,0.6245
29,Misiones,2,1280960,0.1561
30,Misiones,2,1280960,0.1561
31,Misiones,3,1280960,0.2342
32,Misiones,5,1280960,0.3903
33,Misiones,5,1280960,0.3903
34,Misiones,2,1280960,0.1561
35,Misiones,1,1280960,0.0781
36,Misiones,3,1280960,0.2342
37,Misiones,2,1280960,0.1561
38,Misiones,1,1280960,0.0781
39,Misiones,2,1280960,0.1561
40,Misiones,5,1280960,0.3903
41,Misiones,5,1280960,0.3903
42,Misiones,2,1280960,0.1561
43,Misiones,7,1280960,0.5465
44,Misiones,9,1280960,0.7026
45,Misiones,18,1280960,1.4052
46,Misiones,20,1280960,1.5613
47,Misiones,38,1280960,2.9665
48,Misiones,78,1280960,6.0892
49,Misiones,165,1280960,12.881
50,Misiones,436,1280960,34.037
51,Misiones,342,1280960,26.6987
52,Misiones,473,1280960,36.9254
1,Neuquén,3,726590,0.4129
2,Neuquén,5,726590,0.6881
3,Neuquén,5,726590,0.6881
4,Neuquén,6,726590,0.8258
5,Neuquén,2,726590,0.2753
6,Neuquén,6,726590,0.8258
7,Neuquén,3,726590,0.4129
8,Neuquén,3,726590,0.4129
9,Neuquén,6,726590,0.8258
10,Neuquén,9,726590,1.2387
11,Neuquén,10,726590,1.3763
12,Neuquén,22,726590,3.0278
13,Neuquén,24,726590,3.3031
14,Neuquén,42,726590,5.7804
15,Neuquén,24,726590,3.3031
16,Neuquén,20,726590,2.7526
17,Neuquén,4,726590,0.5505
18,Neuquén,10,726590,1.3763
19,Neuquén,3,726590,0.4129
20,Neuquén,3,726590,0.4129
21,Neuquén,2,726590,0.2753
29,Neuquén,1,726590,0.1376
46,Neuquén,1,726590,0.1376
47,Neuquén,2,726590,0.2753
48,Neuquén,1,726590,0.1376
50,Neuquén,1,726590,0.1376
51,Neuquén,1,726590,0.1376
52,Neuquén,6,726590,0.8258
2,Río Negro,1,762067,0.1312
3,Río Negro,5,762067,0.6561
4,Río Negro,1,762067,0.1312
6,Río Negro,3,762067,0.3937
7,Río Negro,1,762067,0.1312
8,Río Negro,3,762067,0.3937
9,Río Negro,6,762067,0.7873
10,Río Negro,2,762067,0.2624
11,Río Negro,4,762067,0.5249
12,Río Negro,19,762067,2.4932
13,Río Negro,13,762067,1.7059
14,Río Negro,17,762067,2.2308
15,Río Negro,17,762067,2.2308
16,Río Negro,9,762067,1.181
17,Río Negro,10,762067,1.3122
18,Río Negro,1,762067,0.1312
19,Río Negro,1,762067,0.1312
20,Río Negro,1,762067,0.1312
21,Río Negro,1,762067,0.1312
1,Salta,19,1440672,1.3188
2,Salta,32,1440672,2.2212
3,Salta,61,1440672,4.2341
4,Salta,104,1440672,7.2189
5,Salta,220,1440672,15.2707
6,Salta,442,1440672,30.6801
7,Salta,706,1440672,49.0049
8,Salta,1233,1440672,85.5851
9,Salta,1622,1440672,112.5863
10,Salta,2699,1440672,187.3431
11,Salta,3874,1440672,268.9023
12,Salta,5413,1440672,375.7274
13,Salta,5568,1440672,386.4863
14,Salta,5704,1440672,395.9263
15,Salta,6179,1440672,428.8971
16,Salta,4851,1440672,336.7179
17,Salta,3344,1440672,232.1139
18,Salta,2737,1440672,189.9808
19,Salta,1783,1440672,123.7617
20,Salta,1285,1440672,89.1945
21,Salta,855,1440672,59.3473
22,Salta,630,1440672,43.7296
23,Salta,420,1440672,29.1531
24,Salta,298,1440672,20.6848
25,Salta,66,1440672,4.5812
26,Salta,68,1440672,4.72
27,Salta,58,1440672,4.0259
28,Salta,23,1440672,1.5965
29,Salta,13,1440672,0.9024
30,Salta,8,1440672,0.5553
31,Salta,2,1440672,0.1388
37,Salta,1,1440672,0.0694
38,Salta,1,1440672,0.0694
40,Salta,1,1440672,0.0694
42,Salta,1,1440672,0.0694
44,Salta,1,1440672,0.0694
46,Salta,1,1440672,0.0694
47,Salta,3,1440672,0.2082
48,Salta,3,1440672,0.2082
49,Salta,1,1440672,0.0694
50,Salta,1,1440672,0.0694
51,Salta,5,1440672,0.3471
52,Salta,7,1440672,0.4859
53,Salta,4,1440672,0.2776
1,San Juan,2,818234,0.2444
2,San Juan,1,818234,0.1222
3,San Juan,1,818234,0.1222
4,San Juan,3,818234,0.3666
5,San Juan,5,818234,0.6111
6,San Juan,4,818234,0.4889
7,San Juan,6,818234,0.7333
8,San Juan,4,818234,0.4889
9,San Juan,31,818234,3.7886
10,San Juan,44,818234,5.3774
11,San Juan,125,818234,15.2768
12,San Juan,273,818234,33.3645
13,San Juan,221,818234,27.0094
14,San Juan,237,818234,28.9648
15,San Juan,371,818234,45.3416
16,San Juan,483,818234,59.0296
17,San Juan,196,818234,23.954
18,San Juan,131,818234,16.0101
19,San Juan,91,818234,11.1215
20,San Juan,20,818234,2.4443
21,San Juan,11,818234,1.3444
22,San Juan,1,818234,0.1222
23,San Juan,2,818234,0.2444
25,San Juan,1,818234,0.1222
49,San Juan,1,818234,0.1222
50,San Juan,1,818234,0.1222
52,San Juan,1,818234,0.1222
1,San Luis,4,540905,0.7395
2,San Luis,3,540905,0.5546
3,San Luis,6,540905,1.1093
4,San Luis,7,540905,1.2941
5,San Luis,7,540905,1.2941
6,San Luis,6,540905,1.1093
7,San Luis,17,540905,3.1429
8,San Luis,60,540905,11.0925
9,San Luis,112,540905,20.706
10,San Luis,179,540905,33.0927
11,San Luis,264,540905,48.8071
12,San Luis,393,540905,72.656
13,San Luis,498,540905,92.0679
14,San Luis,803,540905,148.4549
15,San Luis,654,540905,120.9085
16,San Luis,455,540905,84.1183
17,San Luis,270,540905,49.9163
18,San Luis,152,540905,28.1011
19,San Luis,92,540905,17.0085
20,San Luis,33,540905,6.1009
21,San Luis,7,540905,1.2941
22,San Luis,7,540905,1.2941
23,San Luis,1,540905,0.1849
24,San Luis,1,540905,0.1849
44,San Luis,2,540905,0.3698
49,San Luis,1,540905,0.1849
50,San Luis,1,540905,0.1849
51,San Luis,2,540905,0.3698
52,San Luis,2,540905,0.3698
1,Santa Cruz,16,333473,4.798
2,Santa Cruz,14,333473,4.1982
3,Santa Cruz,17,333473,5.0979
4,Santa Cruz,9,333473,2.6989
5,Santa Cruz,4,333473,1.1995
6,Santa Cruz,9,333473,2.6989
7,Santa Cruz,9,333473,2.6989
8,Santa Cruz,9,333473,2.6989
9,Santa Cruz,10,333473,2.9987
10,Santa Cruz,12,333473,3.5985
11,Santa Cruz,18,333473,5.3977
12,Santa Cruz,23,333473,6.8971
13,Santa Cruz,24,333473,7.197
14,Santa Cruz,28,333473,8.3965
15,Santa Cruz,17,333473,5.0979
16,Santa Cruz,10,333473,2.9987
17,Santa Cruz,11,333473,3.2986
18,Santa Cruz,5,333473,1.4994
19,Santa Cruz,2,333473,0.5997
20,Santa Cruz,4,333473,1.1995
21,Santa Cruz,1,333473,0.2999
22,Santa Cruz,2,333473,0.5997
23,Santa Cruz,1,333473,0.2999
26,Santa Cruz,1,333473,0.2999
32,Santa Cruz,2,333473,0.5997
34,Santa Cruz,1,333473,0.2999
37,Santa Cruz,1,333473,0.2999
40,Santa Cruz,1,333473,0.2999
44,Santa Cruz,1,333473,0.2999
46,Santa Cruz,7,333473,2.0991
47,Santa Cruz,7,333473,2.0991
48,Santa Cruz,4,333473,1.1995
49,Santa Cruz,1,333473,0.2999
50,Santa Cruz,6,333473,1.7992
51,Santa Cruz,13,333473,3.8984
52,Santa Cruz,5,333473,1.4994
1,Santa Fe,121,3556522,3.4022
2,Santa Fe,238,3556522,6.6919
3,Santa Fe,496,3556522,13.9462
4,Santa Fe,776,3556522,21.8191
5,Santa Fe,1414,3556522,39.7579
6,Santa Fe,2224,3556522,62.533
7,Santa Fe,3069,3556522,86.2922
8,Santa Fe,4796,3556522,134.8508
9,Santa Fe,5697,3556522,160.1846
10,Santa Fe,6478,3556522,182.1442
11,Santa Fe,9195,3556522,258.5391
12,Santa Fe,10987,3556522,308.9254
13,Santa Fe,10279,3556522,289.0183
14,Santa Fe,10176,3556522,286.1222
15,Santa Fe,10233,3556522,287.7249
16,Santa Fe,7741,3556522,217.6565
17,Santa Fe,5751,3556522,161.7029
18,Santa Fe,3275,3556522,92.0843
19,Santa Fe,2215,3556522,62.2799
20,Santa Fe,1330,3556522,37.3961
21,Santa Fe,492,3556522,13.8337
22,Santa Fe,374,3556522,10.5159
23,Santa Fe,215,3556522,6.0452
24,Santa Fe,152,3556522,4.2738
25,Santa Fe,29,3556522,0.8154
26,Santa Fe,23,3556522,0.6467
27,Santa Fe,20,3556522,0.5623
28,Santa Fe,9,3556522,0.2531
29,Santa Fe,13,3556522,0.3655
30,Santa Fe,6,3556522,0.1687
31,Santa Fe,4,3556522,0.1125
32,Santa Fe,2,3556522,0.0562
33,Santa Fe,2,3556522,0.0562
34,Santa Fe,3,3556522,0.0844
35,Santa Fe,2,3556522,0.0562
39,Santa Fe,2,3556522,0.0562
41,Santa Fe,1,3556522,0.0281
42,Santa Fe,6,3556522,0.1687
43,Santa Fe,2,3556522,0.0562
44,Santa Fe,2,3556522,0.0562
45,Santa Fe,3,3556522,0.0844
46,Santa Fe,4,3556522,0.1125
47,Santa Fe,5,3556522,0.1406
48,Santa Fe,11,3556522,0.3093
49,Santa Fe,7,3556522,0.1968
50,Santa Fe,20,3556522,0.5623
51,Santa Fe,17,3556522,0.478
52,Santa Fe,29,3556522,0.8154
1,Santiago del Estero,29,1054028,2.7514
2,Santiago del Estero,77,1054028,7.3053
3,Santiago del Estero,80,1054028,7.5899
4,Santiago del Estero,129,1054028,12.2388
5,Santiago del Estero,157,1054028,14.8952
6,Santiago del Estero,233,1054028,22.1057
7,Santiago del Estero,401,1054028,38.0445
8,Santiago del Estero,576,1054028,54.6475
9,Santiago del Estero,822,1054028,77.9865
10,Santiago del Estero,1553,1054028,147.3395
11,Santiago del Estero,2212,1054028,209.8616
12,Santiago del Estero,3430,1054028,325.4183
13,Santiago del Estero,4748,1054028,450.4624
14,Santiago del Estero,4351,1054028,412.7974
15,Santiago del Estero,3901,1054028,370.104
16,Santiago del Estero,3674,1054028,348.5676
17,Santiago del Estero,2013,1054028,190.9816
18,Santiago del Estero,1703,1054028,161.5707
19,Santiago del Estero,1155,1054028,109.5796
20,Santiago del Estero,1154,1054028,109.4848
21,Santiago del Estero,638,1054028,60.5297
22,Santiago del Estero,637,1054028,60.4348
23,Santiago del Estero,450,1054028,42.6934
24,Santiago del Estero,327,1054028,31.0238
25,Santiago del Estero,300,1054028,28.4622
26,Santiago del Estero,60,1054028,5.6924
27,Santiago del Estero,48,1054028,4.554
28,Santiago del Estero,7,1054028,0.6641
29,Santiago del Estero,3,1054028,0.2846
30,Santiago del Estero,2,1054028,0.1897
32,Santiago del Estero,2,1054028,0.1897
33,Santiago del Estero,1,1054028,0.0949
41,Santiago del Estero,1,1054028,0.0949
46,Santiago del Estero,1,1054028,0.0949
48,Santiago del Estero,2,1054028,0.1897
49,Santiago del Estero,4,1054028,0.3795
50,Santiago del Estero,5,1054028,0.4744
51,Santiago del Estero,19,1054028,1.8026
52,Santiago del Estero,27,1054028,2.5616
1,Tierra del Fuego,6,190641,3.1473
2,Tierra del Fuego,3,190641,1.5736
3,Tierra del Fuego,8,190641,4.1964
4,Tierra del Fuego,8,190641,4.1964
5,Tierra del Fuego,10,190641,5.2455
6,Tierra del Fuego,9,190641,4.7209
7,Tierra del Fuego,10,190641,5.2455
8,Tierra del Fuego,9,190641,4.7209
9,Tierra del Fuego,10,190641,5.2455
10,Tierra del Fuego,8,190641,4.1964
11,Tierra del Fuego,16,190641,8.3927
12,Tierra del Fuego,17,190641,8.9173
13,Tierra del Fuego,11,190641,5.77
14,Tierra del Fuego,18,190641,9.4418
15,Tierra del Fuego,8,190641,4.1964
16,Tierra del Fuego,12,190641,6.2946
17,Tierra del Fuego,12,190641,6.2946
18,Tierra del Fuego,8,190641,4.1964
19,Tierra del Fuego,4,190641,2.0982
21,Tierra del Fuego,3,190641,1.5736
22,Tierra del Fuego,1,190641,0.5245
28,Tierra del Fuego,1,190641,0.5245
35,Tierra del Fuego,1,190641,0.5245
43,Tierra del Fuego,1,190641,0.5245
45,Tierra del Fuego,1,190641,0.5245
47,Tierra del Fuego,1,190641,0.5245
48,Tierra del Fuego,2,190641,1.0491
49,Tierra del Fuego,1,190641,0.5245
50,Tierra del Fuego,5,190641,2.6227
51,Tierra del Fuego,3,190641,1.5736
52,Tierra del Fuego,7,190641,3.6718
1,Tucumán,26,1703186,1.5266
2,Tucumán,38,1703186,2.2311
3,Tucumán,63,1703186,3.699
4,Tucumán,124,1703186,7.2805
5,Tucumán,269,1703186,15.7939
6,Tucumán,635,1703186,37.2831
7,Tucumán,1450,1703186,85.1346
8,Tucumán,1830,1703186,107.4457
9,Tucumán,2824,1703186,165.8069
10,Tucumán,5831,1703186,342.3584
11,Tucumán,8703,1703186,510.9835
12,Tucumán,13978,1703186,820.6972
13,Tucumán,14648,1703186,860.0353
14,Tucumán,14171,1703186,832.0289
15,Tucumán,13906,1703186,816.4698
16,Tucumán,12847,1703186,754.2922
17,Tucumán,9266,1703186,544.0392
18,Tucumán,6300,1703186,369.895
19,Tucumán,3870,1703186,227.2212
20,Tucumán,2752,1703186,161.5795
21,Tucumán,1716,1703186,100.7524
22,Tucumán,986,1703186,57.8915
23,Tucumán,393,1703186,23.0744
24,Tucumán,152,1703186,8.9245
25,Tucumán,71,1703186,4.1687
26,Tucumán,80,1703186,4.6971
27,Tucumán,77,1703186,4.5209
28,Tucumán,113,1703186,6.6346
29,Tucumán,51,1703186,2.9944
30,Tucumán,2,1703186,0.1174
31,Tucumán,1,1703186,0.0587
33,Tucumán,1,1703186,0.0587
35,Tucumán,1,1703186,0.0587
45,Tucumán,1,1703186,0.0587
50,Tucumán,1,1703186,0.0587
52,Tucumán,8,1703186,0.4697
